{
  "age": {
    "edges": [
      1.0,
      17.0,
      25.0,
      33.0,
      41.0,
      48.0,
      55.0,
      62.0,
      72.0,
      84.0,
      94.0
    ],
    "proportions": [
      0.095609375,
      0.099359375,
      0.09840625,
      0.101984375,
      0.0964375,
      0.0988125,
      0.0961875,
      0.10553125,
      0.1073125,
      0.100359375
    ]
  },
  "heart_rate": {
    "edges": [
      30.0,
      69.2,
      75.6,
      80.7,
      85.2,
      89.6,
      94.4,
      99.9,
      106.9,
      117.6,
      207.7
    ],
    "proportions": [
      0.09884375,
      0.099515625,
      0.100453125,
      0.10003125,
      0.099390625,
      0.101015625,
      0.0995625,
      0.100359375,
      0.100265625,
      0.1005625
    ]
  },
  "spo2": {
    "edges": [
      60.4,
      90.2,
      93.2,
      94.9,
      96.0,
      97.0,
      97.8,
      98.5,
      99.2,
      100.0
    ],
    "proportions": [
      0.09884375,
      0.098046875,
      0.102640625,
      0.09365625,
      0.10503125,
      0.096890625,
      0.096,
      0.0999375,
      0.208953125
    ]
  },
  "systolic_bp": {
    "edges": [
      40.0,
      90.1,
      102.7,
      111.4,
      118.5,
      123.1,
      127.8,
      134.1,
      141.2,
      150.8,
      213.5
    ],
    "proportions": [
      0.099453125,
      0.099671875,
      0.100671875,
      0.099203125,
      0.0728125,
      0.127578125,
      0.099921875,
      0.1003125,
      0.10025,
      0.100125
    ]
  },
  "respiratory_rate": {
    "edges": [
      8.0,
      13.7,
      14.9,
      15.8,
      16.6,
      17.3,
      18.1,
      19.3,
      21.1,
      24.5,
      51.5
    ],
    "proportions": [
      0.0975,
      0.100640625,
      0.098765625,
      0.09425,
      0.08034375,
      0.123546875,
      0.1006875,
      0.10121875,
      0.1029375,
      0.100109375
    ]
  },
  "temperature_c": {
    "edges": [
      35.1,
      36.7,
      36.9,
      37.1,
      37.3,
      37.5,
      37.7,
      38.0,
      38.3,
      38.8,
      41.8
    ],
    "proportions": [
      0.099796875,
      0.07190625,
      0.094578125,
      0.103625,
      0.100625,
      0.100171875,
      0.116828125,
      0.092625,
      0.1075,
      0.11234375
    ]
  }
}